instante_t+1,id_nodo,Set_Type,Target_Class,HA_max_t0,HA_mean_t0,HA_min_t0,HS10_max_t0,HS10_mean_t0,HS10_min_t0,HS30_max_t0,HS30_mean_t0,HS30_min_t0,HS60_max_t0,HS60_mean_t0,HS60_min_t0,TA_max_t0,TA_mean_t0,TA_min_t0,radiacion_max_t0,radiacion_sum_t0,HA_max_t+1,HA_mean_t+1,HA_min_t+1,HS10_max_t+1,HS10_mean_t+1,HS10_min_t+1,HS30_max_t+1,HS30_mean_t+1,HS30_min_t+1,HS60_max_t+1,HS60_mean_t+1,HS60_min_t+1,TA_max_t+1,TA_mean_t+1,TA_min_t+1,radiacion_max_t+1,radiacion_sum_t+1
2018-08-12,4,Train_CV,0,83.50475,69.14064533333332,48.157093,0.8670434996911486,0.8432412671467032,0.8269827127634876,0.8611360864202601,0.8297831631279422,0.8189741023057527,0.7816219564061669,0.7769153391767815,0.7722403389432895,30.766668,26.795659416666663,23.966667,765.0,6006.0,88.28225,63.50450191666667,38.396694,0.8338244180891721,0.8269983175017949,0.8167189335176315,0.821258494522293,0.8122642125079408,0.8038348195329087,0.7755106446977139,0.7720921911513284,0.7695878152224912,31.754166,26.51631925,22.083334,896.0,6833.0
2018-08-19,4,Train_CV,0,89.97864,73.55724666666667,54.04379,0.8647226645435243,0.8464900918493735,0.8323440555018703,0.8559078498282795,0.8253802513391005,0.8148767781316347,0.7770930732484077,0.7726807993364105,0.7687899768867781,27.658333,23.930555416666667,21.529167,567.0,4792.0,88.54224,69.25805245833332,51.268597,0.8385974256900212,0.8293239977121757,0.8188561314942572,0.8162054670912952,0.8065907546918408,0.7971103986714327,0.7708651273885351,0.767611057763364,0.76514631318494,28.025,24.301909666666663,21.708334,725.0,5714.0
2018-08-26,4,Train_CV,0,81.672806,64.18996054166666,46.01758,0.8715533508432288,0.8533821397163708,0.8355690166374693,0.8610184289255275,0.8300916673240185,0.8175922100256869,0.7792044407613283,0.7746462206701757,0.7698040152960455,31.579165,26.178819208333334,22.25,850.0,6235.0,85.940735,67.53133941666667,44.560562,0.8467898189075992,0.836115333636228,0.8227796540358266,0.8257148913619502,0.8162721188674854,0.8075,0.7739349550562178,0.7711117144932237,0.7693681939198472,31.158335,25.996007541666668,22.183334,857.0,6318.0
2018-08-29,4,Train_CV,0,87.72809,65.59211608333334,40.36258,0.8702876514897552,0.8506833100903752,0.835224479129748,0.8623756351649244,0.8294114887317892,0.8188206213566508,0.7746994435612082,0.7716637795415516,0.7678285108638051,30.529167,25.207291916666662,21.566666,795.0,4594.0,86.88268,58.540548875000006,41.28529,0.8445871469331454,0.8339937689226202,0.820276187769823,0.8232544540964121,0.8143712559032544,0.8061109341825903,0.7718192545890091,0.7694722086727052,0.767942728237792,32.066666,25.636458,20.829166,853.0,6331.0
2018-09-02,4,Train_CV,0,83.24544,64.489762125,38.85529,0.8753630780806083,0.8519681462420855,0.8365852529431161,0.8671735724661973,0.8313543600308321,0.8223632202851398,0.7742,0.7714976026273533,0.7683780074191838,30.112501,25.145312625000003,21.258333,843.0,6304.0,84.873764,66.95384670833333,44.338745,0.8454532048172072,0.8346806135534632,0.8174848943407627,0.8220823763955343,0.8132314867345323,0.8045646496815286,0.7714839427662956,0.7696456085369041,0.7685303609341826,31.395834,25.6387155,21.579168,838.0,6163.0
2018-09-09,4,Train_CV,0,87.7919,74.833122375,57.339573,0.8723947161567712,0.8501400924430648,0.8340659501061571,0.8584190874698229,0.8278306824979024,0.8145849444236294,0.7808232484076433,0.7774156126519866,0.7744014308426074,24.925001,22.67552075,21.008333,450.0,2435.0,93.804436,76.37123058333333,60.621613,0.8491992528734084,0.8419113001199304,0.8343326167728238,0.8226667637658657,0.8116682400130398,0.8045696390658174,0.7785244094488188,0.776284257795906,0.774343152866242,26.275,22.7373265,19.9,511.0,2964.0
2018-09-16,4,Train_CV,1,98.190674,89.19047825,72.57888,0.8683495578841439,0.8553308846117663,0.8373927737336974,0.8189751023597595,0.8088455474820092,0.8017,0.7755754817863177,0.7737862501561287,0.7720180997876858,23.870834,21.36875,20.025,322.0,2007.0,90.02746,78.05874691666666,58.99673,0.8507767583691807,0.8420906993342029,0.8324805358872592,0.8111506995481518,0.8001296184790863,0.7911955247194419,0.7727506544440369,0.77073688361533,0.7691233174350822,27.170832,22.79670108333333,18.808332,729.0,5092.0
2018-09-19,4,Train_CV,0,91.39026,76.06571808333334,55.1944,0.8630664295623959,0.8458807001977166,0.8325968106395288,0.8414893262980135,0.8163320465928804,0.8061261410336859,0.77181974317817,0.7693008442545887,0.7661382022587476,28.475,23.67135420833333,20.470835,724.0,5055.0,92.738304,77.73186354166667,54.159885,0.8632874088001641,0.849125138829313,0.8410128685232895,0.8161620318707618,0.8099764607507178,0.8050860232062734,0.7707261146496815,0.7691306976132983,0.7667908814930744,28.120834,23.752777875000003,19.841665,732.0,5243.0
2018-09-23,4,Train_CV,0,91.85325,68.52978304166668,44.554764,0.8665006921799288,0.8466437872054614,0.8331177896033165,0.8159793164209984,0.8097385693523035,0.80727016985138,0.7677,0.7655074385685229,0.762641814781114,30.675001,25.3168405,22.137499,759.0,5433.0,69.11707,46.98417054166666,22.834831,0.8412200093921197,0.8305352575594799,0.8160960657515939,0.8113696873343933,0.807348148228909,0.8027303731164106,0.7642082410998484,0.7617085277369395,0.7599619609729084,32.6875,26.278472,21.291666,761.0,5454.0
2018-10-01,4,Train_CV,0,89.9946,67.84217541666666,34.537292,0.8555855095541401,0.8364525082759343,0.8232981924170014,0.8426119182945784,0.8275573399167659,0.820323439774473,0.7616,0.7587413321199156,0.7554000567939693,27.516668,20.378819375,14.8,751.0,5191.0,84.86872,70.15387366666667,50.31699,0.8551585072989364,0.8379236999358414,0.8249986294931123,0.8263895435244161,0.8240102248893657,0.8216702522062732,0.7603,0.7577934675223901,0.7547941594117508,26.141668,21.5822915,17.920834,675.0,4436.0
2018-10-02,4,Train_CV,0,84.86872,70.15387366666667,50.31699,0.8551585072989364,0.8379236999358414,0.8249986294931123,0.8263895435244161,0.8240102248893657,0.8216702522062732,0.7603,0.7577934675223901,0.7547941594117508,26.141668,21.5822915,17.920834,675.0,4436.0,83.50843,64.83564866666667,36.152527,0.8486353745808853,0.8357558670862058,0.8262261631429569,0.8240952305246423,0.8203891357182899,0.8178,0.759352229299363,0.7569816637456207,0.7540195170525267,25.200003,20.09635408333333,16.870832,655.0,3819.0
2018-10-03,4,Train_CV,0,83.50843,64.83564866666667,36.152527,0.8486353745808853,0.8357558670862058,0.8262261631429569,0.8240952305246423,0.8203891357182899,0.8178,0.759352229299363,0.7569816637456207,0.7540195170525267,25.200003,20.09635408333333,16.870832,655.0,3819.0,87.61654,54.64324154166667,22.802734,0.858119625684438,0.8364736102055065,0.8231592961591492,0.8189362557745782,0.8174742014849324,0.8156918627099753,0.7591348195329086,0.756737638040514,0.7538224186894465,27.104166,20.25711791666667,14.645833,728.0,5073.0
2018-10-09,4,Train_CV,0,68.15448,56.183003250000006,40.06449,0.8590030948986698,0.8393319005262702,0.8264674070363234,0.8289002693292292,0.8174777866710002,0.8147063694267516,0.7603717660175336,0.7557393164717268,0.7516939371526735,22.1,18.72690941666667,16.2875,550.0,3551.0,76.08103,64.05275383333334,51.655514,0.8486414643738063,0.8383487855341151,0.8315518806062637,0.8146282418054843,0.8130164532917116,0.8119999999999999,0.7574496794871793,0.7546266414929855,0.7514737931168335,20.866667,17.779513958333332,15.162499,439.0,2963.0
2018-10-11,4,Train_CV,0,87.36085,70.79130145833334,46.53706,0.862778798545292,0.8408484254727583,0.8275790050990158,0.8434820238506419,0.8178304822389347,0.8101331036919271,0.7580044917398707,0.7543900825657905,0.7506714512951168,24.6875,19.1319445,14.570834,561.0,3882.0,95.977745,78.32976866666667,48.349167,0.859877019292082,0.8430013721756525,0.8308726680990258,0.8142343465279641,0.8122433498358208,0.8106259554140127,0.7570596378637194,0.7540091444600638,0.750704617834395,26.045832,20.221180416666662,16.012499,640.0,3667.0
2018-10-12,4,Train_CV,0,95.977745,78.32976866666667,48.349167,0.859877019292082,0.8430013721756525,0.8308726680990258,0.8142343465279641,0.8122433498358208,0.8106259554140127,0.7570596378637194,0.7540091444600638,0.750704617834395,26.045832,20.221180416666662,16.012499,640.0,3667.0,94.972565,73.62612429166667,44.471302,0.8490480704383664,0.84043833735433,0.8335172939893809,0.81278,0.8120433161571805,0.8110522292993632,0.7564650903703702,0.7537280250632343,0.7505954954954954,27.970833,21.627257125,16.808332,675.0,4503.0
2018-10-13,4,Train_CV,0,94.972565,73.62612429166667,44.471302,0.8490480704383664,0.84043833735433,0.8335172939893809,0.81278,0.8120433161571805,0.8110522292993632,0.7564650903703702,0.7537280250632343,0.7505954954954954,27.970833,21.627257125,16.808332,675.0,4503.0,94.11222,74.988485125,47.010284,0.8475696993400312,0.8409723792125723,0.8333082464257405,0.8155348195329086,0.813444758167316,0.8112311433576701,0.7585052645092759,0.7541409357785334,0.7505020745425616,26.5875,21.012499666666667,17.895834,674.0,4428.0
2018-10-14,4,Train_CV,0,94.11222,74.988485125,47.010284,0.8475696993400312,0.8409723792125723,0.8333082464257405,0.8155348195329086,0.813444758167316,0.8112311433576701,0.7585052645092759,0.7541409357785334,0.7505020745425616,26.5875,21.012499666666667,17.895834,674.0,4428.0,93.23074,74.1498,39.342655,0.8572322560664823,0.8459787291377943,0.8378908662268488,0.8203302937554932,0.817705305011744,0.8142852301533456,0.7593768577494693,0.753852019822398,0.7501678178975153,23.137503,19.264930791666668,16.679167,396.0,2249.0
2018-10-15,4,Train_CV,1,93.23074,74.1498,39.342655,0.8572322560664823,0.8459787291377943,0.8378908662268488,0.8203302937554932,0.817705305011744,0.8142852301533456,0.7593768577494693,0.753852019822398,0.7501678178975153,23.137503,19.264930791666668,16.679167,396.0,2249.0,66.49685,47.14961504166666,32.37428,0.8506587035287505,0.8422087735408531,0.8355420990894844,0.8199369334935755,0.8154005074312978,0.8128640144225283,0.7558694647032088,0.7529616799730138,0.74999546659342,21.325,16.9770835,13.558333,591.0,3523.0
2018-10-16,4,Train_CV,0,66.49685,47.14961504166666,32.37428,0.8506587035287505,0.8422087735408531,0.8355420990894844,0.8199369334935755,0.8154005074312978,0.8128640144225283,0.7558694647032088,0.7529616799730138,0.74999546659342,21.325,16.9770835,13.558333,591.0,3523.0,88.40857,65.38206575,51.722057,0.8432951201322262,0.836557307556693,0.8299999315386293,0.813866321656051,0.8125426734247189,0.8115,0.7538096645367413,0.7513517134203022,0.7482604564755838,21.725,17.472743041666668,13.816667,533.0,2881.0
2018-10-17,4,Train_CV,0,88.40857,65.38206575,51.722057,0.8432951201322262,0.836557307556693,0.8299999315386293,0.813866321656051,0.8125426734247189,0.8115,0.7538096645367413,0.7513517134203022,0.7482604564755838,21.725,17.472743041666668,13.816667,533.0,2881.0,84.51744,64.87979783333334,37.24713,0.8427425575737258,0.8379257473475589,0.8335952018300316,0.8139954592014682,0.8115641799655776,0.8094,0.752267879794369,0.7488515183274306,0.7462836269987972,24.370834,19.18194425,15.758334,600.0,3722.0
2018-10-18,4,Train_CV,0,84.51744,64.87979783333334,37.24713,0.8427425575737258,0.8379257473475589,0.8335952018300316,0.8139954592014682,0.8115641799655776,0.8094,0.752267879794369,0.7488515183274306,0.7462836269987972,24.370834,19.18194425,15.758334,600.0,3722.0,93.611305,75.01143379166668,56.24831,0.8492299126834166,0.8379843466922124,0.82704204097688,0.810004487427335,0.8090843794414341,0.808153090026988,0.7483036788474499,0.7460810282689688,0.7434368309485957,21.541666,17.475694666666666,14.033333,438.0,2884.0
2018-10-19,4,Train_CV,0,93.611305,75.01143379166668,56.24831,0.8492299126834166,0.8379843466922124,0.82704204097688,0.810004487427335,0.8090843794414341,0.808153090026988,0.7483036788474499,0.7460810282689688,0.7434368309485957,21.541666,17.475694666666666,14.033333,438.0,2884.0,94.10604,82.80491395833333,55.84499,0.8418910418729575,0.8374513570373198,0.8325310461640676,0.8113,0.8102297959657322,0.8091880141896793,0.7485564256601979,0.7461742537409726,0.7435801378862147,20.15,16.293228958333334,13.900001,309.0,1482.0
2018-10-20,4,Train_CV,0,94.10604,82.80491395833333,55.84499,0.8418910418729575,0.8374513570373198,0.8325310461640676,0.8113,0.8102297959657322,0.8091880141896793,0.7485564256601979,0.7461742537409726,0.7435801378862147,20.15,16.293228958333334,13.900001,309.0,1482.0,90.23426,76.35667825,57.664265,0.8482519974298803,0.8415440918619713,0.8350217011128777,0.8119303939289608,0.8110628255929901,0.809995446467449,0.7490650743099788,0.7461015644590359,0.7431955414012738,22.804167,18.718229416666667,15.604167,477.0,1989.0
2018-10-21,4,Train_CV,1,90.23426,76.35667825,57.664265,0.8482519974298803,0.8415440918619713,0.8350217011128777,0.8119303939289608,0.8110628255929901,0.809995446467449,0.7490650743099788,0.7461015644590359,0.7431955414012738,22.804167,18.718229416666667,15.604167,477.0,1989.0,94.86991,75.63925595833334,57.662228,0.8522334775851035,0.8452042239217237,0.8406696198258956,0.8130373563218392,0.812151841862769,0.8113955484896662,0.7486,0.74591904254005,0.7429746698039734,23.433334,20.278819625,17.395834,490.0,3063.0
2018-10-22,4,Train_CV,0,94.86991,75.63925595833334,57.662228,0.8522334775851035,0.8452042239217237,0.8406696198258956,0.8130373563218392,0.812151841862769,0.8113955484896662,0.7486,0.74591904254005,0.7429746698039734,23.433334,20.278819625,17.395834,490.0,3063.0,96.82303,75.449703875,42.967365,0.8603849699644789,0.8466889523799818,0.8393703009444439,0.8156076433121019,0.8139481567190662,0.8123297883597883,0.7481951355661881,0.7458007598576634,0.7432326816653672,25.6,19.172569375,14.704167,639.0,4052.0
2018-10-23,4,Train_CV,0,96.82303,75.449703875,42.967365,0.8603849699644789,0.8466889523799818,0.8393703009444439,0.8156076433121019,0.8139481567190662,0.8123297883597883,0.7481951355661881,0.7458007598576634,0.7432326816653672,25.6,19.172569375,14.704167,639.0,4052.0,90.928566,80.86536120833334,65.16654,0.8500439016802283,0.8460885649951093,0.8403142360007066,0.8154222133757961,0.814859397547949,0.8141955023944568,0.7499834130781499,0.7466975920450455,0.7436193847942575,21.091665,18.360416458333333,15.6875,414.0,2604.0
2018-10-24,4,Train_CV,1,90.928566,80.86536120833334,65.16654,0.8500439016802283,0.8460885649951093,0.8403142360007066,0.8154222133757961,0.814859397547949,0.8141955023944568,0.7499834130781499,0.7466975920450455,0.7436193847942575,21.091665,18.360416458333333,15.6875,414.0,2604.0,96.31167,68.38083570833334,33.449825,0.8586104554597264,0.8487809728856305,0.8415966971889461,0.8174588847746659,0.8155426015299468,0.8138254919259836,0.7511048497428434,0.7480425353503023,0.7450076963906582,25.883333,18.640971875,13.066667,646.0,4124.0
2018-10-25,4,Train_CV,0,96.31167,68.38083570833334,33.449825,0.8586104554597264,0.8487809728856305,0.8415966971889461,0.8174588847746659,0.8155426015299468,0.8138254919259836,0.7511048497428434,0.7480425353503023,0.7450076963906582,25.883333,18.640971875,13.066667,646.0,4124.0,70.24921,47.197357708333335,21.070192,0.8458333724110981,0.842254456376703,0.8350448095419515,0.8160350891138122,0.8146321553111463,0.8136896496815287,0.7509648449039882,0.7479563444995637,0.7447758127253263,27.420832,19.755902875,13.920833,641.0,4151.0
2018-10-26,4,Train_CV,0,70.24921,47.197357708333335,21.070192,0.8458333724110981,0.842254456376703,0.8350448095419515,0.8160350891138122,0.8146321553111463,0.8136896496815287,0.7509648449039882,0.7479563444995637,0.7447758127253263,27.420832,19.755902875,13.920833,641.0,4151.0,66.08428,49.40503820833334,27.699068,0.8464,0.8421882319002291,0.834917584862027,0.8141000000000002,0.8129899122163842,0.8120640298016739,0.74968742929408,0.7470395250584482,0.7440000000000001,25.483332,19.9475695,15.816667,634.0,4013.0
2018-10-27,4,Train_CV,0,66.08428,49.40503820833334,27.699068,0.8464,0.8421882319002291,0.834917584862027,0.8141000000000002,0.8129899122163842,0.8120640298016739,0.74968742929408,0.7470395250584482,0.7440000000000001,25.483332,19.9475695,15.816667,634.0,4013.0,93.29333,63.49703695833333,43.74356,0.858473991507431,0.8486099134789216,0.8393064959727697,0.814965183430009,0.8136437078571587,0.8119206002859815,0.7489167197452229,0.7462956287878789,0.7435583044792072,20.4625,17.598611083333335,13.320834,449.0,2872.0
2018-10-28,4,Train_CV,0,93.29333,63.49703695833333,43.74356,0.858473991507431,0.8486099134789216,0.8393064959727697,0.814965183430009,0.8136437078571587,0.8119206002859815,0.7489167197452229,0.7462956287878789,0.7435583044792072,20.4625,17.598611083333335,13.320834,449.0,2872.0,73.383064,47.036053083333336,28.278603,0.849591916485496,0.8403005897019881,0.8285626402645513,0.814732857142857,0.8098324184954802,0.8053056084656084,0.7484695906432748,0.7459815264290374,0.7435648651715442,14.770833,11.844270916666666,9.154166,517.0,3222.0
2018-10-29,4,Train_CV,1,73.383064,47.036053083333336,28.278603,0.849591916485496,0.8403005897019881,0.8285626402645513,0.814732857142857,0.8098324184954802,0.8053056084656084,0.7484695906432748,0.7459815264290374,0.7435648651715442,14.770833,11.844270916666666,9.154166,517.0,3222.0,50.456345,38.092922916666666,26.121439,0.8349793259023355,0.8250938949557307,0.8160317962320228,0.8048667773006585,0.8001984498868072,0.797068918918919,0.7492922505307855,0.7456410647583152,0.7424124095374,14.675,10.847743083333333,7.929167,581.0,3112.0
2018-11-02,4,Train_CV,0,67.18507,55.364709875,37.633236,0.8369045382165604,0.8323521360984475,0.8252995803539732,0.7965679957469431,0.7952928824565942,0.7937,0.7465037214247742,0.7418506052906535,0.7389023641459694,18.325,12.968749958333332,8.95,609.0,3682.0,83.01453,61.665323416666666,45.437023,0.834,0.830827272308523,0.8259484896661368,0.7962963849016481,0.7952239204516335,0.7937805997876858,0.7451223863421631,0.7405865233565746,0.73781817700053,20.558332,14.291493208333334,10.8625,397.0,2087.0
2018-11-03,4,Train_CV,1,83.01453,61.665323416666666,45.437023,0.834,0.830827272308523,0.8259484896661368,0.7962963849016481,0.7952239204516335,0.7937805997876858,0.7451223863421631,0.7405865233565746,0.73781817700053,20.558332,14.291493208333334,10.8625,397.0,2087.0,82.35653,59.22157170833333,37.458828,0.8320629983392909,0.8296609678087695,0.8252094889455724,0.7964229813988638,0.7955613025808755,0.794424959579287,0.7430218602707757,0.7392804484044891,0.7364298832271762,17.941668,13.1171875,9.266666,590.0,3731.0
2019-06-14,4,Train_CV,0,93.227516,63.06926229166667,40.482143,0.8261730354183333,0.7741085808664262,0.7533815945912318,0.8353307324840764,0.7901438465264689,0.7789143251344263,0.817126448782156,0.8144481800283686,0.8109781847133758,25.829168,21.18750045833333,17.191666,947.0,7936.0,66.96429,45.47445145833333,28.143267,0.7567042872583638,0.7385335365333252,0.7150939897606486,0.780921762208068,0.7677822524386543,0.7521428387542232,0.8143390402516618,0.8124992825951779,0.8114852136856326,30.529167,23.36996533333333,17.525,962.0,7349.0
2019-07-24,4,Train_CV,0,53.021,31.049485125,14.142154,0.8099780830887043,0.7850756695737187,0.7564086680067104,0.8362304674968036,0.8041472871431984,0.7834462858090387,0.8480810139177319,0.8426082554198177,0.8375359673883325,34.42917,28.66284708333333,22.420832,939.0,7618.0,49.796448,30.458442916666662,17.10685,0.7881417749656577,0.7620195110262312,0.7318888559480818,0.8035134050561189,0.7802070376468709,0.7614728429885754,0.8437659395040525,0.8405507753648475,0.8381,34.3375,28.677083166666662,22.570833,925.0,7468.0
2019-08-07,4,Train_CV,1,81.46177,54.81787433333333,23.273626,0.8332047101522654,0.8047217118272183,0.7833379070755107,0.8385020007409058,0.7948561791251806,0.7699376009965918,0.845669653287823,0.8439066793932833,0.8409852441613589,37.729168,28.743402458333332,22.424997,908.0,7111.0,69.69112,37.242167333333335,10.767555,0.7914492079978067,0.767817638263602,0.7371065525491929,0.7695453628184293,0.7550294208288602,0.7381797239915073,0.8422892951775305,0.8404048564464855,0.8390025925159758,39.870834,30.212673416666664,22.183334,878.0,6967.0
2019-08-25,4,Train_CV,0,90.111664,61.32838295833333,40.913666,0.8331936528599354,0.8065379243364156,0.7970190114899464,0.792799546774245,0.7682117315116601,0.7591376233295866,0.8160614137511492,0.814798512241046,0.8131815818078469,30.020834,24.238194458333336,19.454168,878.0,6843.0,87.28857,68.71191341666666,45.875507,0.8332585666419474,0.7997878800481216,0.7875777114720651,0.7590379511677282,0.7535672222535067,0.7456,0.8133948994714485,0.8122133466834778,0.8105708081531078,29.15,24.29427095833333,19.975,793.0,6309.0
2019-08-28,4,Train_CV,0,90.11618,75.63553720833333,58.752224,0.8419240674544909,0.8111325530194174,0.7878461003716343,0.789359240561723,0.7631939726824052,0.7508026008492569,0.8132671974522293,0.8102330462024244,0.8077,26.516668,23.15138883333333,20.883333,569.0,4672.0,92.46951,75.15183229166666,45.426517,0.8361926596059558,0.8154409935380907,0.8016139921909545,0.7751477620933035,0.7669783439177832,0.7573171903127616,0.8130348195329087,0.8122004708229388,0.81146070826438,29.554167,23.804340166666663,18.754166,812.0,6092.0
2019-09-01,4,Train_CV,0,75.92516,57.251573791666665,36.283833,0.8389429625881989,0.8025506487678323,0.790218819846955,0.7734214382106469,0.7540345146587609,0.7472284735880269,0.8135,0.8116374558100349,0.8096046173288848,31.950003,25.956944458333336,20.383333,830.0,6228.0,78.04014,56.182529208333335,38.160004,0.7901731853476329,0.776555553344218,0.7575998892016783,0.7485,0.7443300414755178,0.739204038033706,0.8136915074309979,0.811764548321015,0.8096868621883716,32.825,26.840104541666665,22.145834,836.0,5989.0
2019-09-13,4,Train_CV,1,97.55048,87.354150375,68.22671,0.8184119886059978,0.8125421018281193,0.7979352414188261,0.8051245104981857,0.7966799167329776,0.7775295332874634,0.8275567662501393,0.817080033199621,0.8088617384240454,22.387499,19.160069541666665,17.45,220.0,1193.0,95.978455,85.45773383333334,74.645546,0.8168559672091021,0.8082989642928182,0.7960529080129212,0.7985887226726215,0.7824883446972146,0.7670131521742799,0.8279622692804582,0.8243644048178428,0.817295728484198,22.220835,20.135069583333333,18.854166,400.0,2314.0
2019-09-14,4,Train_CV,0,95.978455,85.45773383333334,74.645546,0.8168559672091021,0.8082989642928182,0.7960529080129212,0.7985887226726215,0.7824883446972146,0.7670131521742799,0.8279622692804582,0.8243644048178428,0.817295728484198,22.220835,20.135069583333333,18.854166,400.0,2314.0,88.295586,76.99760741666667,64.271,0.8127638887343158,0.7953796408685019,0.7870308917197453,0.7665119900572842,0.75834626048817,0.7515347768410926,0.8165751409657798,0.8110856602417763,0.8073357851054969,25.629166,21.8177085,18.758333,544.0,3994.0
2019-09-15,4,Train_CV,1,88.295586,76.99760741666667,64.271,0.8127638887343158,0.7953796408685019,0.7870308917197453,0.7665119900572842,0.75834626048817,0.7515347768410926,0.8165751409657798,0.8110856602417763,0.8073357851054969,25.629166,21.8177085,18.758333,544.0,3994.0,86.32739,76.780268375,64.19307,0.7868120222929936,0.7768786462446355,0.7648,0.7516441512859956,0.7444749167883072,0.7355645944089463,0.8070717091295118,0.8054748609716897,0.8045325824700683,26.987497,23.38298616666667,20.520834,758.0,4575.0
2019-09-16,4,Train_CV,0,86.32739,76.780268375,64.19307,0.7868120222929936,0.7768786462446355,0.7648,0.7516441512859956,0.7444749167883072,0.7355645944089463,0.8070717091295118,0.8054748609716897,0.8045325824700683,26.987497,23.38298616666667,20.520834,758.0,4575.0,92.97628,80.30163004166667,66.566536,0.7645433885474943,0.7578250515852284,0.7486835523984081,0.7364872643187478,0.7309529843517151,0.7231759177415524,0.804253821656051,0.8033424031857063,0.8027475113359697,26.379166,23.113368458333337,20.3625,626.0,4832.0
2019-09-17,4,Train_CV,0,92.97628,80.30163004166667,66.566536,0.7645433885474943,0.7578250515852284,0.7486835523984081,0.7364872643187478,0.7309529843517151,0.7231759177415524,0.804253821656051,0.8033424031857063,0.8027475113359697,26.379166,23.113368458333337,20.3625,626.0,4832.0,97.4528,88.32857329166666,71.56724,0.7485089171974523,0.7446920054624777,0.7393488322717622,0.7243919902941225,0.7219476476328617,0.7185940762433275,0.8025835987261146,0.8017925581283486,0.8013651804670913,25.8375,22.275000125,19.891668,563.0,3906.0
2019-09-18,4,Train_CV,1,97.4528,88.32857329166666,71.56724,0.7485089171974523,0.7446920054624777,0.7393488322717622,0.7243919902941225,0.7219476476328617,0.7185940762433275,0.8025835987261146,0.8017925581283486,0.8013651804670913,25.8375,22.275000125,19.891668,563.0,3906.0,92.14573,78.83052683333334,59.204533,0.7392914736767491,0.7315607652889601,0.7197967918664513,0.7199,0.7161764481743308,0.7112954812646913,0.8017651804670912,0.8010478798359948,0.8004477610806761,27.258333,22.680381916666665,19.066668,782.0,5530.0
2019-09-19,4,Train_CV,0,92.14573,78.83052683333334,59.204533,0.7392914736767491,0.7315607652889601,0.7197967918664513,0.7199,0.7161764481743308,0.7112954812646913,0.8017651804670912,0.8010478798359948,0.8004477610806761,27.258333,22.680381916666665,19.066668,782.0,5530.0,91.83022,77.930792,58.73407,0.7193765066727328,0.7118409009532024,0.7008562101910828,0.7124,0.7091658677695524,0.7052651804670913,0.8016348126758702,0.8006982630189365,0.7999127025882923,25.829168,22.097395916666667,18.6375,778.0,5537.0
2019-09-22,4,Train_CV,1,93.36869,78.03507945833333,60.165455,0.8265906028598281,0.78606233732757,0.772599717272101,0.8159916743068051,0.7691661843562015,0.758095897812265,0.8020186871413458,0.8006379528879078,0.7990882848631365,26.558334,22.807986,20.1,707.0,3861.0,93.03402,71.63704883333334,42.695374,0.7747174155890623,0.7557711201760137,0.7307294585987262,0.757885453100159,0.7439369818279661,0.7262880189453985,0.8014348038717717,0.8004515755530264,0.7995544576296972,29.245834,24.238715291666665,20.65,744.0,5212.0
2019-09-24,4,Train_CV,1,76.75582,54.84219475,40.69148,0.8270093068013855,0.7628199503796153,0.7252785078347578,0.813732763058022,0.7515367500798171,0.7242551638176639,0.8024406377448802,0.8008016571206761,0.7993413105413105,27.475,22.464236125,19.15,736.0,5077.0,84.73725,61.49662154166666,33.668106,0.7576839772378223,0.7397080153185357,0.7157890133608107,0.7457354422144138,0.7326074635491779,0.7155999999999999,0.8010354531001589,0.8001847971371262,0.7993379322638147,29.9125,23.276041666666668,17.679167,773.0,5530.0
2019-09-26,4,Train_CV,0,80.83033,56.06589575,40.75173,0.8254775016785675,0.7546201227706327,0.7118546414117919,0.8119066582136868,0.7472905370300552,0.7145815368196371,0.8007140350877192,0.7993689104369301,0.7981860042735044,29.495834,23.602951625,19.941666,768.0,5186.0,91.04325,74.84670416666667,57.949574,0.7507931810932327,0.7347541885008907,0.7146396771534972,0.7454,0.7343014569931476,0.7198900635930047,0.799335881104034,0.7985407618620554,0.7977770073081988,26.516668,22.187152541666663,18.666666,725.0,5207.0
2019-09-28,4,Train_CV,0,89.36314,74.38515,45.66054,0.8203185408585302,0.7537116684655335,0.711731339031339,0.8144905622979929,0.7500982847288703,0.7186313390313391,0.7988,0.7977331360919054,0.7967716167711099,29.416666,22.78350675,17.116667,754.0,5337.0,88.0217,73.30061666666667,57.150574,0.7479066429482396,0.733010347805818,0.7152020700636942,0.7467059654631084,0.735498524472332,0.7212999999999999,0.7981000000000001,0.797207868030863,0.7963231234436144,25.9125,22.129687291666663,18.929167,730.0,5025.0
2019-09-30,4,Train_CV,0,90.4989,72.83606145833333,44.75958,0.82348500255751,0.7520352740937387,0.7124805488513047,0.8136480812924823,0.748969699897769,0.719829343220339,0.7996403399684334,0.7975041817096861,0.7958474576271186,29.641668,22.975868125,17.5125,753.0,5308.0,89.702385,71.761541125,47.192043,0.7443204094628878,0.7287486207223868,0.7103522679057851,0.7436160784672275,0.7324247541737466,0.7177000000000001,0.799026943105526,0.7978900234923109,0.7968331210191083,28.074999,22.828993083333334,19.283333,748.0,5248.0
2020-05-24,4,Test_Temporal,0,57.740444,37.1177835,26.822153,0.8410277603948516,0.7868580450953209,0.7494429849637526,0.818976875592431,0.760561027337645,0.7356420875451382,0.8180999999999999,0.816395644761544,0.8149168259023355,29.604166,23.80763908333333,18.508333,928.0,7589.0,73.14225,55.881034125000006,45.53618,0.7902466488511629,0.7732093318229408,0.7545386347756523,0.7614416134185303,0.7489239610848205,0.7370392250530786,0.8187103175570658,0.8176893704614879,0.8167945151033386,25.6875,21.802951625,17.991667,921.0,7607.0
2020-06-02,4,Test_Temporal,0,73.44956,49.35422633333334,33.56833,0.8371228181368108,0.7952099894294901,0.7744951107467214,0.8264162697203344,0.7710489467247622,0.7522842146184128,0.8364680997876858,0.8284675899250153,0.821933624801272,27.0,21.918576166666668,17.079166,947.0,7932.0,74.332504,53.53667816666667,34.279278,0.7870662040224938,0.7705930006019882,0.751634061270924,0.7612777701268146,0.7453552985680182,0.731005246085351,0.8301814225053078,0.8265416627041727,0.823912032296862,27.691666,21.86545116666667,16.9125,942.0,7507.0
2020-06-04,4,Test_Temporal,1,76.46888,52.71013441666667,33.137157,0.8391769787211708,0.7802127403124804,0.7411670816444702,0.8257561183829579,0.758152622857876,0.72654181786013,0.8307695906432748,0.8255257991129107,0.8211902866242039,30.3375,24.072917166666667,18.241667,944.0,7334.0,60.6602,45.088224333333336,30.857689,0.7830195252296134,0.7606832419025418,0.737328044066731,0.760114702760085,0.7419389300286895,0.7276296237413885,0.8268276539278131,0.8245373191220895,0.8225980961398064,28.491667,23.758507416666664,20.108334,872.0,6313.0
2020-06-06,4,Test_Temporal,1,69.75529,47.380629,23.221893,0.8381192940552017,0.772478651644843,0.7267752535969634,0.8262676953494043,0.7556223167887159,0.7227978965949376,0.8292999925192887,0.8243503447915149,0.820339312879011,31.125,23.45329854166667,17.679167,953.0,8034.0,59.399677,41.42004570833333,26.90551,0.776969161358811,0.7562760953272546,0.7337735212857829,0.7569527600849257,0.7401460771482355,0.7236004777070063,0.8258527228708664,0.823462751409506,0.8224255145583275,31.0625,25.370833166666667,18.7125,943.0,7675.0
2020-06-17,4,Test_Temporal,1,72.01089,44.39993716666667,23.033302,0.8163446155295281,0.78317030147059,0.74820023910666,0.7982466615509939,0.7619329290426472,0.7363202229299363,0.8237281295473823,0.8205381811858444,0.8184210719336796,30.108332,23.674652875000003,18.516668,953.0,7161.0,89.97703,71.64063270833334,46.24425,0.7475366321360702,0.7367846467799297,0.7218732749469213,0.7358544633891916,0.7248289414345187,0.7156564665194756,0.8180098039215687,0.8162052844125119,0.8153683369805474,26.854166,21.868750416666668,18.395834,840.0,6736.0
2020-06-18,4,Test_Temporal,0,89.97703,71.64063270833334,46.24425,0.7475366321360702,0.7367846467799297,0.7218732749469213,0.7358544633891916,0.7248289414345187,0.7156564665194756,0.8180098039215687,0.8162052844125119,0.8153683369805474,26.854166,21.868750416666668,18.395834,840.0,6736.0,96.17484,75.90029695833333,53.24937,0.7207666135881103,0.7113985628403747,0.6957162730077399,0.7162651323672868,0.7112159890855437,0.7059651804670913,0.8152259165122411,0.8142421723708311,0.8131301788545783,26.333334,21.55850725,18.1625,903.0,7285.0
2020-06-19,4,Test_Temporal,0,96.17484,75.90029695833333,53.24937,0.7207666135881103,0.7113985628403747,0.6957162730077399,0.7162651323672868,0.7112159890855437,0.7059651804670913,0.8152259165122411,0.8142421723708311,0.8131301788545783,26.333334,21.55850725,18.1625,903.0,7285.0,96.81196,75.882859875,52.5994,0.6948841042940147,0.6881752051510105,0.6751586086961345,0.7077,0.7034962844905,0.698870330272216,0.8142668334282678,0.8131363900613896,0.8118455414012739,26.195831,21.889757041666662,19.266666,779.0,6384.0
2020-06-23,4,Test_Temporal,0,75.873,55.72300070833333,33.97462,0.8269157550615102,0.7986133626464992,0.7635234170856191,0.8283860353598743,0.7847611407543796,0.7523332747608289,0.8383532488114106,0.8318638314066199,0.8252289499991696,28.770834,23.612847541666667,18.779165,948.0,8028.0,75.84786,55.30759258333333,37.568363,0.7630312095984992,0.7427677359621533,0.7133161097987308,0.7514935326727162,0.728555909249523,0.7070490929267014,0.8308413033733532,0.8265507619415667,0.8241689274547553,28.237497,23.54149275,19.391668,949.0,8058.0
2020-06-28,4,Test_Temporal,1,86.34496,60.97054004166667,23.193785,0.8269037420382165,0.7796481789349018,0.7317367181250191,0.8285071417618711,0.7715799320033208,0.7274743328510046,0.845419300083051,0.8309552226916108,0.8199152668007157,33.458332,25.38038183333333,20.216665,932.0,7769.0,80.7865,58.159331083333335,41.06766,0.8000133912476538,0.7598138988815268,0.7173149998253351,0.7821225748576275,0.7448850847538129,0.7132987436389984,0.8389961916821959,0.8312813541395924,0.8266893136858423,29.779167,24.662326583333336,19.804167,940.0,7969.0
2020-07-12,4,Test_Temporal,0,78.59228,54.638677,32.145603,0.836431724299651,0.7761639515238433,0.7494353314403849,0.8300569972690363,0.7623424133140312,0.7412334837507046,0.8384348097129526,0.8333069254445017,0.828169696969697,32.329166,26.653993166666663,21.470835,931.0,7793.0,88.44668,65.34071337499999,39.61343,0.755625674331562,0.7363992875642232,0.7112242834394905,0.7440549316123038,0.726426952977472,0.7066638535031847,0.8342360255300262,0.8314712192733881,0.8301316878980892,29.854166,25.225173833333333,22.125,787.0,5753.0
2020-07-16,4,Test_Temporal,0,82.264496,55.93011108333334,39.09471,0.8414883275006181,0.8015364560626779,0.7752289956886717,0.8354725890314475,0.7786680238150071,0.7561379723168146,0.8457032695374801,0.838505767249674,0.8319274106652287,29.208334,24.79496583333333,20.908335,908.0,7377.0,81.69341,56.39317995833333,38.216145,0.7745749469214438,0.7513943036817147,0.7242664338462285,0.7556460234963326,0.7358884366166013,0.7143962639109698,0.8393414356610264,0.8364364433943204,0.8345895181279778,29.3125,24.771527875,20.616667,913.0,7578.0
2020-08-27,4,Test_Temporal,0,78.42749,49.42686691666666,26.65441,0.837669233937503,0.7985537589816586,0.7821809107065102,0.8171731193547987,0.7660359283587628,0.7527026232785281,0.8503508492569002,0.8477237838329357,0.8449361018428467,34.75417,28.046006833333333,23.316666,874.0,6774.0,79.45329,44.703553125000006,26.435799,0.8244139202765473,0.7852978794513814,0.7686773371863809,0.7539711013020551,0.7383949259954559,0.7196083139984532,0.8474868617025385,0.8450369040405447,0.8432599515964072,35.804165,28.984375416666666,24.308334,861.0,6586.0
2020-09-01,4,Test_Temporal,0,72.9679,52.154852125,31.608398,0.8315788034764956,0.8054971565744813,0.790375751633987,0.8101855109055213,0.7682837203269943,0.753382564917859,0.8451032908704882,0.8418014590640134,0.8383477707006369,27.179167,22.11510391666667,16.9,869.0,6255.0,86.51929,64.042963625,41.927307,0.8225825199121916,0.7933782006260777,0.7816547015330211,0.7532466613672496,0.7414899346794566,0.7300239649681529,0.8409386789977303,0.8374193129206507,0.8349122680035351,27.579168,22.273264375,17.470833,632.0,4025.0
2020-09-02,4,Test_Temporal,1,86.51929,64.042963625,41.927307,0.8225825199121916,0.7933782006260777,0.7816547015330211,0.7532466613672496,0.7414899346794566,0.7300239649681529,0.8409386789977303,0.8374193129206507,0.8349122680035351,27.579168,22.273264375,17.470833,632.0,4025.0,81.2348,62.31173904166667,43.598755,0.8107624413513871,0.7855291724311483,0.7732477972399151,0.7306522045378356,0.722050035178922,0.7114970519351326,0.8345199788023318,0.832622652118231,0.8314903644709496,27.420832,23.17656225,19.416666,754.0,5287.0
2020-09-06,4,Test_Temporal,0,83.01164,62.90868554166667,40.528393,0.8393077889606761,0.8034324991564543,0.7856064963085955,0.7704378340054925,0.7449554824000986,0.7355107499012138,0.8334629715890488,0.8316652140333577,0.8302484082326061,28.983332,23.258680958333333,18.204168,832.0,6206.0,87.97308,63.22145991666667,35.232315,0.7937095720920581,0.7807501864779138,0.7673148885350317,0.7393577494692144,0.7287464146140902,0.7162721526633099,0.8306433227344993,0.8291590921737221,0.82811974522293,29.283333,23.335937625,18.0875,835.0,6039.0
2020-09-16,4,Test_Temporal,0,83.62014,55.99869745833333,29.83457,0.8377844730205116,0.8032390968864803,0.7913367277767915,0.8036155185857727,0.7569446293182168,0.7445203251288719,0.8328000000000001,0.8307032382936722,0.8286606540084388,30.5375,25.070833041666663,20.316668,687.0,5269.0,95.65011,67.6304185,35.966434,0.7912197178310386,0.7798168791145091,0.7654826458666477,0.7504775416394338,0.7381973396992899,0.7235999999999999,0.8307197178310387,0.8293636940050192,0.828047633354304,30.2125,24.375347125,19.391668,793.0,5613.0
2020-09-23,4,Test_Temporal,1,71.17678,49.858537125,27.613382,0.8350938241938092,0.799433541284616,0.7833677899204027,0.8081921665464087,0.7475313017297006,0.7299684962531043,0.8334477893670192,0.8295256795017804,0.8259649995618646,30.408335,24.094618333333333,18.829166,742.0,5015.0,80.409096,46.201840125,21.164751,0.7934390559826348,0.7792518274164001,0.7609299107415958,0.7346376819129824,0.7194143970138548,0.7011348288997127,0.8309493178004748,0.8294175418350423,0.8279,31.8375,25.542881750000003,19.558332,657.0,4750.0
2020-09-26,4,Test_Temporal,1,54.36415,35.604172541666664,14.663673,0.8333996289244133,0.7940920694386081,0.7749931803796727,0.8119948158819135,0.747343287583618,0.7269205239626397,0.8353320357991213,0.830132713860305,0.8260522925683916,26.7125,23.541319541666667,20.554167,769.0,5510.0,42.95676,30.53587745833333,21.277754,0.7829140786848692,0.7654047726833064,0.7437718683651804,0.7324588409128222,0.7142387306211658,0.6942651804670913,0.833529926104795,0.8317181302422378,0.830306027820711,26.15,20.169965541666667,14.154167,764.0,5341.0
2021-08-25,4,Train_CV,0,69.474625,58.78034566666667,43.362858,0.8342363564073701,0.7902805944978565,0.7584241681396601,0.8194084687658485,0.7781901604596596,0.7564180027309636,0.8218708363447447,0.81612932594525,0.811886527533813,29.433334,25.223784625,21.908333,815.0,5076.0,82.31153,59.63288308333333,36.46712,0.7662936371838827,0.7439079273446484,0.7250587579617834,0.7639876038222875,0.7494156767585695,0.7296999999999999,0.8189230911931883,0.81534354518486,0.8118386942675159,31.083334,25.400868375,21.158335,814.0,5421.0
2021-08-26,4,Train_CV,0,82.31153,59.63288308333333,36.46712,0.7662936371838827,0.7439079273446484,0.7250587579617834,0.7639876038222875,0.7494156767585695,0.7296999999999999,0.8189230911931883,0.81534354518486,0.8118386942675159,31.083334,25.400868375,21.158335,814.0,5421.0,91.570305,64.18373933333334,36.916897,0.7378564826948669,0.7246874811166532,0.7137312326616884,0.7317603462127137,0.7241221431410066,0.7116969981494462,0.8195951773433294,0.8157492123037836,0.8120638548493554,32.645832,26.063020875000003,20.954168,857.0,6318.0
2021-08-27,4,Train_CV,1,91.570305,64.18373933333334,36.916897,0.7378564826948669,0.7246874811166532,0.7137312326616884,0.7317603462127137,0.7241221431410066,0.7116969981494462,0.8195951773433294,0.8157492123037836,0.8120638548493554,32.645832,26.063020875000003,20.954168,857.0,6318.0,71.272514,44.64126995833333,17.236977,0.7289748846574193,0.7133887699039957,0.7015321656050956,0.7160055425904317,0.7099756715533153,0.6997487721752206,0.8206225121822227,0.8166552881337648,0.8126073636509289,37.795834,29.15538225,21.491667,871.0,6628.0
2021-08-29,4,Train_CV,0,79.32377,43.77845945833334,20.098665,0.7976636552511457,0.7376733527024594,0.7034377380164752,0.7240933223214602,0.7063357809598908,0.6995574670719352,0.8221775112289132,0.8172082477251482,0.8130591763191762,34.475,28.31371520833333,23.512503,853.0,6236.0,88.97047,66.67924479166668,35.63,0.7956660030011609,0.7377947059976376,0.7009938384354951,0.7225319295558958,0.712030779283359,0.700521549893843,0.8210154473456769,0.8170555266242717,0.8134446132848043,32.125,26.104861125,21.641668,835.0,5916.0
2021-08-30,4,Train_CV,0,88.97047,66.67924479166668,35.63,0.7956660030011609,0.7377947059976376,0.7009938384354951,0.7225319295558958,0.712030779283359,0.700521549893843,0.8210154473456769,0.8170555266242717,0.8134446132848043,32.125,26.104861125,21.641668,835.0,5916.0,94.15469,73.92029995833333,42.160397,0.7964696096235978,0.7498502593223932,0.7110514277032599,0.7037982939183861,0.7020581438477226,0.699,0.8206298307665807,0.8168149123518385,0.8129127075150047,31.199999,25.651215458333336,23.008333,740.0,5455.0
2021-09-05,4,Train_CV,0,90.98466,71.98078166666666,43.50478,0.8317522281141959,0.76600216794813,0.7427190861641897,0.8167509327265278,0.7589076345981972,0.7412149373037908,0.8166131634819532,0.8132523537612584,0.8112337784900285,29.845835,24.419444916666667,20.5875,831.0,6261.0,90.43145,64.63025495833334,44.976654,0.7424227992863561,0.7241029003141799,0.7005810317460317,0.7441489616109974,0.7272645046128008,0.7033956030227083,0.8117489616109973,0.8093944377036539,0.807190362087327,30.258333,24.958680666666663,20.816666,808.0,6190.0
2021-09-07,4,Train_CV,0,77.80582,53.8419925,28.187897,0.8278473229227615,0.7442282837851906,0.6967777737696644,0.7996153760629313,0.7209222154889147,0.6856171891436987,0.8166539658082032,0.8094351280781757,0.8055922098569157,31.416666,25.606249833333333,21.2875,753.0,4882.0,80.57997,49.312681125000005,29.52535,0.7866806787489632,0.7376256725871561,0.6969983014861997,0.7742228804560799,0.7420430893464895,0.7074934286216578,0.813127750731522,0.8086481991489357,0.8054500358468922,31.220833,25.983333166666668,21.458334,812.0,5622.0
2021-09-08,4,Train_CV,0,80.57997,49.312681125000005,29.52535,0.7866806787489632,0.7376256725871561,0.6969983014861997,0.7742228804560799,0.7420430893464895,0.7074934286216578,0.813127750731522,0.8086481991489357,0.8054500358468922,31.220833,25.983333166666668,21.458334,812.0,5622.0,76.917076,51.52490329166667,26.52381,0.7396934253276987,0.6994512912348734,0.6900588059996098,0.7068303422005745,0.6923401494650233,0.6792303683838045,0.8124743716829586,0.8060406908405678,0.8023203398985025,34.595833,26.841840666666663,22.004166,822.0,6109.0
2021-09-09,4,Train_CV,0,76.917076,51.52490329166667,26.52381,0.7396934253276987,0.6994512912348734,0.6900588059996098,0.7068303422005745,0.6923401494650233,0.6792303683838045,0.8124743716829586,0.8060406908405678,0.8023203398985025,34.595833,26.841840666666663,22.004166,822.0,6109.0,64.992744,39.72142079166667,22.353874,0.7067644389682752,0.6913623358459993,0.6829863190730837,0.6816214968152866,0.6794676850852969,0.6769488000182854,0.8162588455404244,0.8100787869863871,0.8057632624193175,33.00833,27.1788195,22.637499,806.0,5141.0
2021-09-10,4,Train_CV,0,64.992744,39.72142079166667,22.353874,0.7067644389682752,0.6913623358459993,0.6829863190730837,0.6816214968152866,0.6794676850852969,0.6769488000182854,0.8162588455404244,0.8100787869863871,0.8057632624193175,33.00833,27.1788195,22.637499,806.0,5141.0,53.72674,38.254843666666666,18.045536,0.7183548562548562,0.6895311854659235,0.6794389169409022,0.683314723707665,0.6804711962416917,0.6780259595386232,0.8147506740481741,0.8094157139196008,0.805729131054131,34.129166,27.786632416666667,23.479166,792.0,5550.0
2021-09-11,4,Train_CV,0,53.72674,38.254843666666666,18.045536,0.7183548562548562,0.6895311854659235,0.6794389169409022,0.683314723707665,0.6804711962416917,0.6780259595386232,0.8147506740481741,0.8094157139196008,0.805729131054131,34.129166,27.786632416666667,23.479166,792.0,5550.0,78.93244,57.04778041666666,34.04085,0.7060946811541838,0.6869303812248972,0.6797315220329819,0.6823716088195556,0.6802532526950643,0.6779612775410705,0.8137248002927446,0.8091043538265343,0.8054738486746231,31.308334,25.659028083333336,21.154165,781.0,5404.0
2021-09-14,4,Train_CV,1,80.55057,56.86822295833333,43.274967,0.7019408030222962,0.6894837914537355,0.6819197360075849,0.7309606125036406,0.7026931766925292,0.6878397675047311,0.8152474506631506,0.8095010291688839,0.8055580697485807,28.079168,24.659548625,21.325,782.0,3355.0,82.26739,59.30816970833334,30.060349,0.690459080381355,0.688742882134321,0.6872211376890652,0.7044736664559128,0.6973170238107155,0.6899956862745098,0.8140569329183956,0.8090958555225153,0.8054293626759942,30.429167,25.314583541666668,21.808334,665.0,3048.0
2021-09-15,4,Train_CV,0,82.26739,59.30816970833334,30.060349,0.690459080381355,0.688742882134321,0.6872211376890652,0.7044736664559128,0.6973170238107155,0.6899956862745098,0.8140569329183956,0.8090958555225153,0.8054293626759942,30.429167,25.314583541666668,21.808334,665.0,3048.0,83.81075,62.88345120833333,32.73489,0.6917194577352471,0.6868509758138233,0.6840873510208857,0.690384006540819,0.6874960241560789,0.6830268201284797,0.8142599309386185,0.8090287451298935,0.8051,31.2125,25.114062875,21.133333,772.0,5073.0
2021-09-16,4,Train_CV,0,83.81075,62.88345120833333,32.73489,0.6917194577352471,0.6868509758138233,0.6840873510208857,0.690384006540819,0.6874960241560789,0.6830268201284797,0.8142599309386185,0.8090287451298935,0.8051,31.2125,25.114062875,21.133333,772.0,5073.0,88.74485,67.43198241666667,39.014297,0.6877541838939174,0.6835314907041058,0.6796983727478144,0.6847,0.6836272493694592,0.6822156011376067,0.8140313694267517,0.8088786765659516,0.804980153469136,29.583334,23.586111375,19.316666,639.0,4459.0
2021-09-17,4,Train_CV,0,88.74485,67.43198241666667,39.014297,0.6877541838939174,0.6835314907041058,0.6796983727478144,0.6847,0.6836272493694592,0.6822156011376067,0.8140313694267517,0.8088786765659516,0.804980153469136,29.583334,23.586111375,19.316666,639.0,4459.0,91.48132,68.15201520833334,37.75742,0.6874387114524393,0.6827817392002081,0.6792673641772171,0.6845,0.6822799418347478,0.6795,0.8129101231564207,0.8083258782489681,0.8048184285769856,29.004166,23.47447904166667,19.0875,771.0,4924.0
2021-09-18,4,Train_CV,0,91.48132,68.15201520833334,37.75742,0.6874387114524393,0.6827817392002081,0.6792673641772171,0.6845,0.6822799418347478,0.6795,0.8129101231564207,0.8083258782489681,0.8048184285769856,29.004166,23.47447904166667,19.0875,771.0,4924.0,91.73942,64.79002129166666,27.716764,0.6850503333282542,0.6806632819528993,0.67759594017094,0.6817903927813163,0.6809443552089561,0.6796436253924228,0.8152058206097177,0.8089809885957666,0.8042338764376625,31.616667,24.349132041666667,19.324999,764.0,5412.0
2021-09-19,4,Train_CV,0,91.73942,64.79002129166666,27.716764,0.6850503333282542,0.6806632819528993,0.67759594017094,0.6817903927813163,0.6809443552089561,0.6796436253924228,0.8152058206097177,0.8089809885957666,0.8042338764376625,31.616667,24.349132041666667,19.324999,764.0,5412.0,88.088905,58.48475616666667,39.360016,0.6813599493520036,0.6777508126954351,0.6751935704505788,0.682152229299363,0.6811994672774245,0.6800014483946116,0.814421034435672,0.8089543138517072,0.8048616614539107,27.104166,22.824826041666668,20.079168,719.0,5103.0
2021-09-20,4,Train_CV,0,88.088905,58.48475616666667,39.360016,0.6813599493520036,0.6777508126954351,0.6751935704505788,0.682152229299363,0.6811994672774245,0.6800014483946116,0.814421034435672,0.8089543138517072,0.8048616614539107,27.104166,22.824826041666668,20.079168,719.0,5103.0,89.82065,58.981263875,41.035282,0.6796497326203208,0.6761141573084292,0.6726784188034188,0.6821,0.680753241021741,0.6793808073781648,0.8141345147363529,0.8083636368411994,0.8043558885441051,27.85,22.659201291666665,19.308334,765.0,4946.0
2021-09-22,4,Train_CV,1,94.90241,70.6033865,47.47645,0.7990062570806717,0.734466327921064,0.6748167735042735,0.8056028316682752,0.7428443802405353,0.6821,0.8131375752414064,0.8074464646675025,0.8030028133903134,23.404167,19.816840208333332,17.258333,732.0,4480.0,81.225,66.593270875,46.86667,0.7182106940224893,0.7031322384742368,0.6896182346141999,0.7470242559990551,0.7303420915383846,0.714558042714247,0.8132900106603782,0.807373248461241,0.8030870205294436,25.200003,20.440798791666666,16.891668,722.0,4558.0
2021-09-23,4,Train_CV,1,81.225,66.593270875,46.86667,0.7182106940224893,0.7031322384742368,0.6896182346141999,0.7470242559990551,0.7303420915383846,0.714558042714247,0.8132900106603782,0.807373248461241,0.8030870205294436,25.200003,20.440798791666666,16.891668,722.0,4558.0,80.098045,67.93482458333334,45.44667,0.6902455528521222,0.686629682750802,0.6823271733187535,0.7143979318734793,0.7038872005641595,0.6919071451918978,0.8137227753525745,0.8072355845830984,0.8031193413636943,27.429167,22.46197875,18.945833,736.0,4768.0
2021-09-24,4,Train_CV,0,80.098045,67.93482458333334,45.44667,0.6902455528521222,0.686629682750802,0.6823271733187535,0.7143979318734793,0.7038872005641595,0.6919071451918978,0.8137227753525745,0.8072355845830984,0.8031193413636943,27.429167,22.46197875,18.945833,736.0,4768.0,85.97567,70.2500735,49.878407,0.6845446085914628,0.6826274940115634,0.680298414434117,0.6928781301257517,0.689513595934443,0.6852753063038596,0.8119923518938527,0.8065884576626079,0.8027004940611566,28.416666,23.81840229166667,20.550001,665.0,4243.0
2021-10-02,4,Train_CV,0,92.620705,72.81744241666667,38.45314,0.7620481702277345,0.7162513739265438,0.700023555433131,0.7706594260734225,0.7397503035182531,0.7298692675159235,0.8117033439490445,0.808506657653748,0.8064302740480672,28.741667,22.574652875,18.333334,722.0,4680.0,92.27694,74.34001483333333,44.391796,0.7002745523652155,0.6942452550123094,0.6870183458369811,0.7295758502727577,0.7206181094941869,0.7091207336523125,0.8108490844583955,0.8071947981386541,0.8046849899404668,28.066666,21.860764083333333,17.375,688.0,4549.0
2021-10-04,4,Train_CV,0,95.3868,67.61406891666667,29.077225,0.7825027536088339,0.714879355495313,0.6834477707006369,0.7940702153956596,0.7331824561071946,0.7072359872611466,0.8103806023875647,0.8062934606488362,0.803640482820775,29.320833,22.38125008333333,17.704168,727.0,4836.0,82.32783,51.85486925,30.576757,0.7278244646018278,0.6980591361895313,0.6848529193205944,0.7284044874586089,0.7151604362585134,0.699130331146058,0.8085731819625548,0.8048455713084489,0.8021720947564949,22.108332,17.833854291666665,13.720833,735.0,4157.0
2021-10-05,4,Train_CV,0,82.32783,51.85486925,30.576757,0.7278244646018278,0.6980591361895313,0.6848529193205944,0.7284044874586089,0.7151604362585134,0.699130331146058,0.8085731819625548,0.8048455713084489,0.8021720947564949,22.108332,17.833854291666665,13.720833,735.0,4157.0,59.08402,46.417415625,30.796478,0.760862294555599,0.7056612648668551,0.6780232484076433,0.6991277834497448,0.6916881169474326,0.6830571921443737,0.806243869373433,0.803204999313928,0.8012015232880727,26.016668,18.78298620833333,13.05,705.0,4870.0
2021-10-11,4,Train_CV,0,87.47666,72.880858125,52.93542,0.7725085720908224,0.720018897036249,0.7010244361301686,0.7775718505599998,0.7420061048524559,0.7318745813324224,0.8035224956813961,0.8004998397854383,0.7981018842887474,23.074999,19.207639041666667,16.0,501.0,3483.0,86.497955,69.65854479166667,46.027054,0.7263970117532662,0.6974136649366541,0.6834766560678326,0.7315809452247383,0.7185170236825525,0.7044479532267375,0.8049558001932603,0.8008637776214776,0.7978878172366924,24.0625,19.867534666666668,16.916666,559.0,3757.0
2021-10-12,4,Train_CV,0,86.497955,69.65854479166667,46.027054,0.7263970117532662,0.6974136649366541,0.6834766560678326,0.7315809452247383,0.7185170236825525,0.7044479532267375,0.8049558001932603,0.8008637776214776,0.7978878172366924,24.0625,19.867534666666668,16.916666,559.0,3757.0,80.32001,67.218153,43.27835,0.7614578240077612,0.7013453937968789,0.6789933014354066,0.7042916399430726,0.6949414551930707,0.683108067940552,0.8037560839707839,0.8004406762443325,0.7977193514088251,24.391668,19.83211808333333,17.2875,602.0,3914.0
2021-10-13,4,Train_CV,0,80.32001,67.218153,43.27835,0.7614578240077612,0.7013453937968789,0.6789933014354066,0.7042916399430726,0.6949414551930707,0.683108067940552,0.8037560839707839,0.8004406762443325,0.7977193514088251,24.391668,19.83211808333333,17.2875,602.0,3914.0,86.34994,71.44831404166666,50.552765,0.7497343077785917,0.69622175987499,0.6781899550674151,0.6835,0.6790407079129334,0.6733679549090515,0.8040358089004926,0.8001438893498669,0.7973927091660435,23.970833,18.427777666666667,14.704166,631.0,4075.0
2022-05-29,4,Train_CV,1,66.84255,40.939684541666665,20.03406,0.8266929398537949,0.7836678230587787,0.7453840868033333,0.7655802023385206,0.7378588840897199,0.7082392552748402,0.815402711323764,0.8142077930891514,0.8131698513800424,32.15,24.540798375,16.933332,946.0,7871.0,57.034393,32.281406624999995,13.531448,0.795867144373673,0.7603494121476525,0.7292757512430001,0.7451234076433121,0.7200771976915674,0.6983586413921312,0.8175582697152551,0.8157614377162625,0.8144607749469214,35.045834,27.094097875,18.8625,953.0,7260.0
2022-06-04,4,Train_CV,0,88.13291,59.80481112499999,38.14404,0.8326613321468174,0.7739514840455323,0.7492467461707623,0.8140702665928141,0.7541973517720663,0.7366129623066304,0.8272696390658174,0.8245743620308588,0.8228,29.220835,23.660937458333333,18.3875,936.0,7922.0,94.59724,55.231012166666666,20.735746,0.7553466548808255,0.7401822057345178,0.7211948888815108,0.7407558651804672,0.7238247156238226,0.7042832538420774,0.8283025403618591,0.8268996943849366,0.825765270155736,31.416666,24.320312333333334,17.6125,947.0,7975.0
2022-09-14,4,Train_CV,1,97.20361,72.877517,43.1162,0.8369096575882865,0.808032502600895,0.7944224147050023,0.7710471665193673,0.7522192304540257,0.7314673841121144,0.8363350302386926,0.8332381511539025,0.8300978665661245,30.125,25.910242541666666,23.704168,501.0,2184.0,96.74094,73.13562579166667,41.469105,0.8322917777769927,0.8055339204469137,0.7936246527883597,0.7554230148951843,0.739369964147968,0.7241484141947377,0.8355145933014354,0.830623879840214,0.8268795382165605,28.262499,24.320312166666668,21.4125,503.0,2699.0
2022-09-15,4,Train_CV,1,96.74094,73.13562579166667,41.469105,0.8322917777769927,0.8055339204469137,0.7936246527883597,0.7554230148951843,0.739369964147968,0.7241484141947377,0.8355145933014354,0.830623879840214,0.8268795382165605,28.262499,24.320312166666668,21.4125,503.0,2699.0,86.882454,51.817477375,29.597092,0.829164751986848,0.8014897463851068,0.7821928914945634,0.7242815012451086,0.7143588318167607,0.7021592570864529,0.8301985576923077,0.826197314193703,0.824161305732484,30.549997,25.081076125,20.970835,795.0,5014.0
2022-09-27,4,Train_CV,1,92.37168,78.26743845833333,51.35487,0.8316330651046164,0.8093340993541785,0.7899637177368128,0.7464175737357596,0.7196065836796485,0.6962569730084661,0.8315129511677283,0.8275700373140298,0.8237159714795008,24.008333,19.189583041666666,16.683334,647.0,4392.0,91.266624,52.45962095833334,24.048775,0.8125686073624232,0.7931917856677217,0.7706654852193547,0.7302446637486911,0.7128004496690492,0.6949323131106486,0.8291036605901915,0.8247813356122263,0.8208616741008555,27.637499,20.81527745833333,16.266668,768.0,5468.0
2022-09-29,4,Train_CV,0,51.613995,38.946248625,23.319727,0.8346092869875222,0.78451380427844,0.757976479586044,0.7198695365418896,0.691502868005557,0.6830215779400338,0.8203624811186425,0.8169560325184545,0.8135822514379623,28.791666,21.918402541666666,16.058332,756.0,5359.0,75.46963,42.56539045833333,22.049675,0.7891035386277688,0.7688119547670432,0.7455565323084187,0.6835,0.6796003188002128,0.6751568427307127,0.8131857644516477,0.8103372448634997,0.8076482390608324,27.258333,21.40746504166667,17.2625,647.0,4257.0
2022-10-07,4,Train_CV,1,94.40866,73.27584516666667,42.297108,0.8316781813271841,0.8073501568853971,0.7908168472052338,0.7244535915273032,0.7157069744481618,0.7005524448422378,0.7869054722179502,0.7865097174597399,0.7860195195532617,24.954168,20.566319625,16.929167,586.0,4098.0,87.59037,69.88392641666667,45.45126,0.8284390013495276,0.8105615868262945,0.7946123338993142,0.7181942794262284,0.7021764202760266,0.6868961746191381,0.7880657796723701,0.7873393813317636,0.7866486723508198,25.320833,20.56562475,16.454168,680.0,4538.0
2022-10-08,4,Train_CV,0,87.59037,69.88392641666667,45.45126,0.8284390013495276,0.8105615868262945,0.7946123338993142,0.7181942794262284,0.7021764202760266,0.6868961746191381,0.7880657796723701,0.7873393813317636,0.7866486723508198,25.320833,20.56562475,16.454168,680.0,4538.0,89.76105,70.87569195833333,43.96515,0.8215806904649995,0.8113970947189678,0.8025851723650083,0.688462074554295,0.6833993716635532,0.6780263689526848,0.791484099821747,0.7892876408495791,0.7879,25.991667,20.535069333333333,15.7,698.0,4269.0
2022-10-09,4,Train_CV,0,89.76105,70.87569195833333,43.96515,0.8215806904649995,0.8113970947189678,0.8025851723650083,0.688462074554295,0.6833993716635532,0.6780263689526848,0.791484099821747,0.7892876408495791,0.7879,25.991667,20.535069333333333,15.7,698.0,4269.0,93.63616,76.187802,57.3996,0.8257516893851737,0.8023827972358463,0.7877597796398793,0.6801313187948116,0.6779762923759903,0.6752306441729753,0.7928348323595232,0.7924053936516625,0.7916330128205128,24.074999,20.04531220833333,16.825,502.0,3606.0
2022-10-10,4,Train_CV,0,93.63616,76.187802,57.3996,0.8257516893851737,0.8023827972358463,0.7877597796398793,0.6801313187948116,0.6779762923759903,0.6752306441729753,0.7928348323595232,0.7924053936516625,0.7916330128205128,24.074999,20.04531220833333,16.825,502.0,3606.0,96.52246,78.27715483333334,55.800053,0.8136058973953461,0.799714727050825,0.7892887503358196,0.6804474061338542,0.677416566959624,0.6752292397660818,0.8057044787465673,0.7979627995079402,0.7924652284663599,24.2125,19.493750125,16.641668,563.0,3582.0
2022-10-11,4,Train_CV,0,96.52246,78.27715483333334,55.800053,0.8136058973953461,0.799714727050825,0.7892887503358196,0.6804474061338542,0.677416566959624,0.6752292397660818,0.8057044787465673,0.7979627995079402,0.7924652284663599,24.2125,19.493750125,16.641668,563.0,3582.0,92.68984,74.09381125,42.81867,0.8248604530853559,0.8105630134484896,0.8032615420796536,0.6822369263607259,0.6808298380341714,0.6791411764705882,0.8057902922894099,0.8038026190396595,0.8029367404348547,25.512503,19.392534916666666,15.5,598.0,3890.0
2022-10-12,4,Train_CV,0,92.68984,74.09381125,42.81867,0.8248604530853559,0.8105630134484896,0.8032615420796536,0.6822369263607259,0.6808298380341714,0.6791411764705882,0.8057902922894099,0.8038026190396595,0.8029367404348547,25.512503,19.392534916666666,15.5,598.0,3890.0,86.41415,69.17187129166668,44.623135,0.8297788214426559,0.8117969841959433,0.8002200145258396,0.6850031570348918,0.6822185636454415,0.6794016903869401,0.8092930047694754,0.8077213447618771,0.8062402349080918,24.987497,19.859722166666668,16.108332,624.0,4025.0
2022-10-13,4,Train_CV,0,86.41415,69.17187129166668,44.623135,0.8297788214426559,0.8117969841959433,0.8002200145258396,0.6850031570348918,0.6822185636454415,0.6794016903869401,0.8092930047694754,0.8077213447618771,0.8062402349080918,24.987497,19.859722166666668,16.108332,624.0,4025.0,90.42301,66.273185,39.022533,0.816627794318516,0.8091375275016327,0.8007659281955043,0.6901494772003596,0.6856330954853608,0.6817021306341998,0.8099935041805453,0.8089489624406198,0.8078304140127388,25.3375,19.61388870833333,14.866666,684.0,4594.0
2022-10-14,4,Train_CV,1,90.42301,66.273185,39.022533,0.816627794318516,0.8091375275016327,0.8007659281955043,0.6901494772003596,0.6856330954853608,0.6817021306341998,0.8099935041805453,0.8089489624406198,0.8078304140127388,25.3375,19.61388870833333,14.866666,684.0,4594.0,84.64691,52.925969875,24.945839,0.8154515020723494,0.8049567653481337,0.8001735795761061,0.6941073657080657,0.6911759177592579,0.6877258560441591,0.8097401810500262,0.8089412824738037,0.8077,28.85,21.745833416666667,15.45,677.0,4546.0
2023-04-21,4,Test_Temporal,0,59.468975,37.12193175,17.952093,0.8032471882710737,0.7708892178300496,0.7381751906271202,0.7849546478756765,0.7601660990205508,0.7377313714474233,0.8114,0.8102546081277292,0.8093,27.354166,18.23090279166667,11.175,911.0,7129.0,77.25002,56.71128100000001,30.6388,0.8456041222638745,0.7684297035894464,0.7245495854454704,0.7405348195329088,0.7331615029705384,0.7253829787606475,0.8120477523467642,0.8109338902468006,0.8100347832160019,24.945831,17.97534716666667,12.025001,913.0,7134.0
2023-04-22,4,Test_Temporal,0,77.25002,56.71128100000001,30.6388,0.8456041222638745,0.7684297035894464,0.7245495854454704,0.7405348195329088,0.7331615029705384,0.7253829787606475,0.8120477523467642,0.8109338902468006,0.8100347832160019,24.945831,17.97534716666667,12.025001,913.0,7134.0,70.850426,53.96890354166666,24.047615,0.7981373757421716,0.7680301211452312,0.740212010790188,0.7304697289365049,0.7252385504907509,0.7184477867003931,0.8122304140127389,0.8113772868128022,0.8107000000000001,27.112501,18.430034791666667,12.1125,829.0,5436.0
2023-04-24,4,Test_Temporal,0,71.38639,34.3122946875,14.731041,0.8540762693986461,0.7727967135765862,0.7211198868965153,0.8149334372894211,0.7455200193698626,0.7120279989384288,0.8126448117882467,0.8116069026854547,0.8107000000000001,29.729166,22.03715275,16.45,917.0,7208.0,61.53905,42.667138666666666,27.822283,0.8285849875512361,0.7881271274602747,0.7523805440893395,0.7897648160055897,0.7655202872335202,0.7438036150983519,0.8127277070063693,0.8117743784236486,0.8108651804670912,26.166666,20.64218733333333,16.170832,908.0,7107.0
2023-05-29,4,Test_Temporal,0,92.08648,80.86385525,65.287506,0.840680383480826,0.7819343573154732,0.7559840559880872,0.7829730900377845,0.74202977802006,0.7274546579330422,0.8418653833155328,0.8392130376757008,0.8373054530474334,21.420832,18.222395666666667,16.008333,757.0,5379.0,92.73905,77.04685970833334,50.282642,0.8280192607367417,0.816204322172149,0.7954044572823699,0.7757701437212304,0.7608882150900346,0.751181601274666,0.84,0.8387494630261307,0.8366366320393658,23.354166,18.290104041666662,14.662499,887.0,5792.0
2023-05-30,4,Test_Temporal,0,92.73905,77.04685970833334,50.282642,0.8280192607367417,0.816204322172149,0.7954044572823699,0.7757701437212304,0.7608882150900346,0.751181601274666,0.84,0.8387494630261307,0.8366366320393658,23.354166,18.290104041666662,14.662499,887.0,5792.0,96.47851,80.372822,67.03651,0.8195451341770563,0.8036381793293974,0.7843632433565387,0.7518337616183707,0.745956336032778,0.7396297156916348,0.8363382176052488,0.8340403174334144,0.832049262295082,20.791666,18.222743375,15.508334,729.0,5262.0
2023-06-14,4,Test_Temporal,0,94.19378,68.624943,32.808285,0.8698782817277705,0.8424992678066491,0.820381782338897,0.8104602971443934,0.7750691697388407,0.750106861231098,0.8272553642484596,0.8259618149157584,0.8252424097664544,29.558334,23.39461841666667,19.995834,801.0,6327.0,65.667854,47.638430666666665,30.778183,0.845149219193019,0.82160944721338,0.7941941878980892,0.782767703982596,0.7620332836888725,0.7447881015146436,0.8272,0.8263000461870632,0.8256,30.095833,24.23611125,20.141668,916.0,6972.0
2018-08-12,6,Test_Spatial,1,83.50475,69.14064533333332,48.157093,0.8688340489046004,0.8051645978119145,0.7683565511489096,0.8897112300295141,0.8483024425976625,0.8110801703603844,0.8786872060648582,0.8500508246982231,0.8321774271234713,30.766668,26.795659416666663,23.966667,765.0,6006.0,88.28225,63.50450191666667,38.396694,0.7863255946307324,0.7242413209995328,0.6422180653998686,0.8391422439313203,0.7603154530440367,0.6552459292035399,0.8501444536523652,0.830572344843977,0.8089223412128542,31.754166,26.51631925,22.083334,896.0,6833.0
2020-06-08,6,Test_Spatial,0,42.691364,37.43197075,31.36011,0.7879180544668848,0.6756373411217989,0.6055736741190373,0.8455270544064805,0.748589925594131,0.664410153783646,0.7788476095617529,0.771791349182246,0.7626523810787785,27.8375,25.30937508333333,22.416666,711.0,6347.0,88.31158,73.19127716666667,44.282604,0.758271396231259,0.6671282274565132,0.604183716201733,0.7589258804069369,0.7018673903292626,0.663743181140792,0.778907525083612,0.7750542676684251,0.7690023664379146,22.9625,19.28298595833333,16.816666,593.0,4795.0
2020-06-13,6,Test_Spatial,1,62.997814,40.83938895833334,25.909386,0.7891775981313222,0.674462185458963,0.6166757086885704,0.8374356866827181,0.7317947710577756,0.6600709673745194,0.7932286547733848,0.7817080971643261,0.772816497829233,26.924997,22.811458166666668,18.541666,761.0,6824.0,54.213272,38.579747000000005,22.957909,0.6570396322966509,0.6133289684159728,0.5806617362317478,0.7293938515171678,0.6803804187607239,0.6447011116464089,0.7763810010426072,0.7681551009388757,0.7563007846395583,27.770834,21.710589958333333,16.6875,972.0,8258.0
2020-06-15,6,Test_Spatial,0,54.314754,42.38231604166666,26.690878,0.7929572904250429,0.6448858102373068,0.571353908150049,0.8347967126506045,0.7055597883686379,0.6409616930383829,0.7573154823437367,0.754485978876598,0.7493064599483205,28.433334,22.77065958333333,18.3625,951.0,7343.0,61.27315,38.15865420833334,21.411346,0.6680378098625299,0.6296123407882375,0.5824632958986805,0.7383561720508943,0.6829231846653602,0.6431337325932418,0.7611281553398058,0.7559048635580843,0.7499575447570331,31.329168,24.569096916666663,17.633333,964.0,8100.0
2020-06-17,6,Test_Spatial,0,72.01089,44.39993716666667,23.033302,0.8010550627120288,0.6776306238336128,0.5917200668307605,0.8441268954741665,0.7120715830952425,0.6409705479807833,0.7666081864418626,0.7554701903800223,0.7479342019543974,30.108332,23.674652875000003,18.516668,953.0,7161.0,89.97703,71.64063270833334,46.24425,0.759038975167943,0.695512300380705,0.6468848723629487,0.7480215408708286,0.6929432874926942,0.6573120539560334,0.7691789115646258,0.7654226442217071,0.7604470757359411,26.854166,21.868750416666668,18.395834,840.0,6736.0
2020-08-10,6,Test_Spatial,1,57.4801,36.02603220833333,15.7466,0.8069366699563715,0.6837377136013653,0.5925714396760701,0.8541989724194902,0.7499754299470581,0.6595215385487735,0.8048882036613693,0.7995301442057778,0.7903785087719298,35.2,28.90277783333333,23.966667,900.0,7215.0,61.919827,41.743598291666665,20.644814,0.6667524169767929,0.606440618576351,0.5658623586532753,0.7462203628247056,0.6802412627985747,0.6394379266728104,0.8037465395782082,0.7946098465605309,0.7811,34.616665,27.836632041666665,22.054167,868.0,6595.0
2021-06-12,6,Test_Spatial,1,57.357067,41.014021625,25.607512,0.7899182140818861,0.6619978108437331,0.6055127711073864,0.7975392222047204,0.7117803579344996,0.6538204296311779,0.7272506714975845,0.7198078447753317,0.7128394144144145,29.025,23.727777916666668,18.645834,946.0,7954.0,60.02699,41.66721195833333,26.638407,0.6357850618605639,0.593451057973526,0.5630302293940832,0.7006687837136463,0.6496704184201189,0.6077002508924362,0.7160098829923646,0.7065781553263606,0.6925053579069838,30.0,25.052430291666667,20.1125,894.0,7548.0
2023-05-04,6,Test_Spatial,1,98.4172,57.0960195,24.352472,0.79718772239147,0.6468368552515417,0.550232539053034,0.8420652911023151,0.7049591850323765,0.6495127533465753,0.7818342984752812,0.7765685713966987,0.7709049211711712,25.191666,19.294444375,14.904167,929.0,6888.0,71.07735,44.59859579166667,25.74869,0.7245410850222607,0.6009748536341138,0.5498730945310942,0.67136099229923,0.6293457827907359,0.6007666666666667,0.7815977292413626,0.7742826087631913,0.7638466223698782,28.85,20.74201420833333,13.645833,869.0,6275.0
2023-05-08,6,Test_Spatial,1,77.646255,55.36654658333333,37.543217,0.7970548930964866,0.6187743599745711,0.5468756823223961,0.8472439668542567,0.6966556619598346,0.6351086316266464,0.7714666666666666,0.7637901171107099,0.76005,24.666666,20.470312291666666,16.745832,890.0,6670.0,78.82819,57.12904570833334,29.223265,0.5740288872511566,0.5422287699106493,0.5263218397421138,0.6749346848816401,0.6306591049260892,0.6032655274497549,0.7731495390086734,0.7679233762039406,0.7603078549848942,28.991667,20.919444375,16.504166,917.0,7086.0
2023-05-12,6,Test_Spatial,1,91.53753,66.69394304166667,42.119957,0.8023939863479965,0.6156497392492241,0.5469679165888854,0.852516540283951,0.6940937981407017,0.6287911083665471,0.768258897777195,0.7655095971738622,0.7637876829088225,23.116667,19.44809,16.5625,740.0,5911.0,92.4033,75.177118125,51.53363,0.6636344265528876,0.5700059246827868,0.5279387025645584,0.661402582823475,0.6283448386731059,0.60850487196468,0.7704508278145695,0.7665063980891752,0.7620708147066638,19.55,16.728471916666667,15.079166,716.0,4167.0
2023-05-16,6,Test_Spatial,1,71.58642,45.49622458333334,21.89704,0.7983836145556019,0.6354499724090897,0.5590266839877086,0.8319956552940062,0.7057750490377481,0.6361471548851578,0.8332441740250184,0.8177087333336067,0.8026345514950166,26.416666,19.052256791666668,14.420833,918.0,7466.0,76.98475,45.54388766666667,21.296719,0.594480926933753,0.5545951234823183,0.5349113672638167,0.6871495599559956,0.6393304985411432,0.6034882584806239,0.8140895678971871,0.7965634841496446,0.7769221493745401,25.633333,18.378472375,14.587501,957.0,7839.0
2023-05-27,6,Test_Spatial,0,95.356804,81.05693391666667,63.488377,0.7225553554181671,0.6732818289456209,0.613069273433167,0.774735196019602,0.7615571945370471,0.7464412476036464,0.78645,0.7845381088298785,0.782583985139063,21.762503,18.28038175,15.8125,849.0,6539.0,74.79603,60.01025645833334,44.108356,0.6124710816777043,0.5883953094346545,0.5619081677704194,0.7624428888888888,0.7487853420710198,0.7305502772277227,0.7825554069119286,0.779069731688569,0.7752883554083886,24.237497,19.71770825,16.445833,837.0,6146.0
2023-05-28,6,Test_Spatial,0,74.79603,60.01025645833334,44.108356,0.6124710816777043,0.5883953094346545,0.5619081677704194,0.7624428888888888,0.7487853420710198,0.7305502772277227,0.7825554069119286,0.779069731688569,0.7752883554083886,24.237497,19.71770825,16.445833,837.0,6146.0,92.08648,80.86385525,65.287506,0.7164107273033964,0.5948956672250568,0.5517194905869324,0.7354459110122243,0.7261809973859553,0.7145536473344921,0.7750797343105137,0.7721398674509751,0.7688,21.420832,18.222395666666667,16.008333,757.0,5379.0
2023-06-14,6,Test_Spatial,1,94.19378,68.624943,32.808285,0.8281264316272224,0.7067457068452683,0.6528384553641167,0.8468140478390648,0.7606665078649332,0.7252139014144566,0.7674146059508796,0.7382388791641749,0.7219367263571477,29.558334,23.39461841666667,19.995834,801.0,6327.0,65.667854,47.638430666666665,30.778183,0.6948740021684289,0.6457594274518391,0.5991021666666666,0.7553240852230919,0.7122743228965707,0.6632130675526025,0.7354644577487165,0.7204067898144716,0.705629071853938,30.095833,24.23611125,20.141668,916.0,6972.0
